field,schema_path,required,master_plan_lines,notes
id,properties.id,yes,556,"Stable canonical axis ID"
preferred_label,properties.preferred_label,yes,557,"Canonical display label"
axis_type,properties.axis_type,yes,558,"Controlled taxonomy dimension"
aliases,properties.aliases,yes,559,"Alternate historical regional and marketing names"
parent_ids,properties.parent_ids,yes,560,"Canonical parent relationships"
child_ids,properties.child_ids,yes,561,"Canonical child relationships"
related_ids,properties.related_ids,yes,562,"Related non-equivalent relationships"
hybrid_parent_ids,properties.hybrid_parent_ids,yes,563,"Multiple parents for hybrids"
forms,properties.forms,yes,564,"Applicable forms"
modes,properties.modes,yes,565,"Applicable modes"
audiences,properties.audiences,yes,566,"Applicable audiences"
regions,properties.regions,yes,567,"Cultural and regional coverage"
languages,properties.languages,yes,568,"BCP 47-style language tags"
recognition_sources,properties.recognition_sources,yes,569,"Direct recognition evidence with independence grouping"
definition_status,properties.definition_status,yes,570,"Lifecycle-controlled status"
research_status,properties.research_status,yes,571,"Lifecycle-controlled status"
evidence_status,properties.evidence_status,yes,572,"Lifecycle-controlled status"
draft_status,properties.draft_status,yes,573,"Lifecycle-controlled status"
review_status,properties.review_status,yes,574,"Lifecycle-controlled status"
version,properties.version,yes,575,"Semantic contract or content version"
taxonomy_freeze_date,properties.taxonomy_freeze_date,yes,576,"Nullable before G2"
last_reviewed,properties.last_reviewed,yes,577,"Nullable before first review"
primary_work_ids,properties.primary_work_ids,yes,578,"Canonical primary-work references"
source_ids,properties.source_ids,yes,579,"Canonical source references"
analysis_files,properties.analysis_files,yes,580,"Canonical Markdown artifact paths"
indian_examples,properties.indian_examples,yes,581,"Evidence-linked Indian examples"
translation_notes,properties.translation_notes,yes,582,"Translation-dependent limitations and context"
evidence_limitations,properties.evidence_limitations,yes,583,"Visible evidence gaps and constraints"
content_warnings,properties.content_warnings,yes,584,"Package-level reader warnings"
