axis,collection,chapter,topic,a2_status,conversion_coverage,consolidated_file
dastan-tradition,genre,00,how-to-write,axis-baseline,core-axis-content,genres/dastan-tradition.md
dastan-tradition,genre,01,definition-boundaries-and-subgenres,shared-placeholder,core-axis-content,genres/dastan-tradition.md
dastan-tradition,genre,02,history-traditions-and-evolution,shared-placeholder,core-axis-content,genres/dastan-tradition.md
dastan-tradition,genre,03,reader-promise-and-emotional-engine,shared-placeholder,core-axis-content,genres/dastan-tradition.md
dastan-tradition,genre,04,premise-theme-and-meaning,shared-placeholder,core-axis-content,genres/dastan-tradition.md
dastan-tradition,genre,05,structure-plot-and-escalation,shared-placeholder,core-axis-content,genres/dastan-tradition.md
dastan-tradition,genre,06,character-relationships-and-arcs,shared-placeholder,core-axis-content,genres/dastan-tradition.md
dastan-tradition,genre,07,voice-style-dialogue-and-point-of-view,shared-placeholder,core-axis-content,genres/dastan-tradition.md
dastan-tradition,genre,08,setting-atmosphere-and-worldbuilding,shared-placeholder,core-axis-content,genres/dastan-tradition.md
dastan-tradition,genre,09,emotion-tension-suspense-and-pacing,shared-placeholder,core-axis-content,genres/dastan-tradition.md
dastan-tradition,genre,10,titles-openings-climaxes-and-endings,shared-placeholder,core-axis-content,genres/dastan-tradition.md
dastan-tradition,genre,11,literary-devices-and-language-techniques,shared-placeholder,core-axis-content,genres/dastan-tradition.md
dastan-tradition,genre,12,conventions-cliches-and-innovation,shared-placeholder,core-axis-content,genres/dastan-tradition.md
dastan-tradition,genre,13,failure-modes-and-revision,shared-placeholder,core-axis-content,genres/dastan-tradition.md
dastan-tradition,genre,14,exercises-prompts-and-planning-tools,shared-placeholder,core-axis-content,genres/dastan-tradition.md
dastan-tradition,genre,15,sources-and-further-reading,shared-placeholder,core-axis-content,genres/dastan-tradition.md
detective-and-mystery-fiction,genre,00,how-to-write,axis-baseline,core-axis-content,genres/detective-and-mystery-fiction.md
detective-and-mystery-fiction,genre,01,definition-boundaries-and-subgenres,shared-placeholder,core-axis-content,genres/detective-and-mystery-fiction.md
detective-and-mystery-fiction,genre,02,history-traditions-and-evolution,shared-placeholder,core-axis-content,genres/detective-and-mystery-fiction.md
detective-and-mystery-fiction,genre,03,reader-promise-and-emotional-engine,shared-placeholder,core-axis-content,genres/detective-and-mystery-fiction.md
detective-and-mystery-fiction,genre,04,premise-theme-and-meaning,shared-placeholder,core-axis-content,genres/detective-and-mystery-fiction.md
detective-and-mystery-fiction,genre,05,structure-plot-and-escalation,shared-placeholder,core-axis-content,genres/detective-and-mystery-fiction.md
detective-and-mystery-fiction,genre,06,character-relationships-and-arcs,shared-placeholder,core-axis-content,genres/detective-and-mystery-fiction.md
detective-and-mystery-fiction,genre,07,voice-style-dialogue-and-point-of-view,shared-placeholder,core-axis-content,genres/detective-and-mystery-fiction.md
detective-and-mystery-fiction,genre,08,setting-atmosphere-and-worldbuilding,shared-placeholder,core-axis-content,genres/detective-and-mystery-fiction.md
detective-and-mystery-fiction,genre,09,emotion-tension-suspense-and-pacing,shared-placeholder,core-axis-content,genres/detective-and-mystery-fiction.md
detective-and-mystery-fiction,genre,10,titles-openings-climaxes-and-endings,shared-placeholder,core-axis-content,genres/detective-and-mystery-fiction.md
detective-and-mystery-fiction,genre,11,literary-devices-and-language-techniques,shared-placeholder,core-axis-content,genres/detective-and-mystery-fiction.md
detective-and-mystery-fiction,genre,12,conventions-cliches-and-innovation,shared-placeholder,core-axis-content,genres/detective-and-mystery-fiction.md
detective-and-mystery-fiction,genre,13,failure-modes-and-revision,shared-placeholder,core-axis-content,genres/detective-and-mystery-fiction.md
detective-and-mystery-fiction,genre,14,exercises-prompts-and-planning-tools,shared-placeholder,core-axis-content,genres/detective-and-mystery-fiction.md
detective-and-mystery-fiction,genre,15,sources-and-further-reading,shared-placeholder,core-axis-content,genres/detective-and-mystery-fiction.md
episodic-television-script,genre,00,how-to-write,axis-baseline,core-axis-content,genres/episodic-television-script.md
episodic-television-script,genre,01,definition-boundaries-and-subgenres,shared-placeholder,core-axis-content,genres/episodic-television-script.md
episodic-television-script,genre,02,history-traditions-and-evolution,shared-placeholder,core-axis-content,genres/episodic-television-script.md
episodic-television-script,genre,03,reader-promise-and-emotional-engine,shared-placeholder,core-axis-content,genres/episodic-television-script.md
episodic-television-script,genre,04,premise-theme-and-meaning,shared-placeholder,core-axis-content,genres/episodic-television-script.md
episodic-television-script,genre,05,structure-plot-and-escalation,shared-placeholder,core-axis-content,genres/episodic-television-script.md
episodic-television-script,genre,06,character-relationships-and-arcs,shared-placeholder,core-axis-content,genres/episodic-television-script.md
episodic-television-script,genre,07,voice-style-dialogue-and-point-of-view,shared-placeholder,core-axis-content,genres/episodic-television-script.md
episodic-television-script,genre,08,setting-atmosphere-and-worldbuilding,shared-placeholder,core-axis-content,genres/episodic-television-script.md
episodic-television-script,genre,09,emotion-tension-suspense-and-pacing,shared-placeholder,core-axis-content,genres/episodic-television-script.md
episodic-television-script,genre,10,titles-openings-climaxes-and-endings,shared-placeholder,core-axis-content,genres/episodic-television-script.md
episodic-television-script,genre,11,literary-devices-and-language-techniques,shared-placeholder,core-axis-content,genres/episodic-television-script.md
episodic-television-script,genre,12,conventions-cliches-and-innovation,shared-placeholder,core-axis-content,genres/episodic-television-script.md
episodic-television-script,genre,13,failure-modes-and-revision,shared-placeholder,core-axis-content,genres/episodic-television-script.md
episodic-television-script,genre,14,exercises-prompts-and-planning-tools,shared-placeholder,core-axis-content,genres/episodic-television-script.md
episodic-television-script,genre,15,sources-and-further-reading,shared-placeholder,core-axis-content,genres/episodic-television-script.md
epistolary-fiction,genre,00,how-to-write,axis-baseline,core-axis-content,genres/epistolary-fiction.md
epistolary-fiction,genre,01,definition-boundaries-and-subgenres,shared-placeholder,core-axis-content,genres/epistolary-fiction.md
epistolary-fiction,genre,02,history-traditions-and-evolution,shared-placeholder,core-axis-content,genres/epistolary-fiction.md
epistolary-fiction,genre,03,reader-promise-and-emotional-engine,shared-placeholder,core-axis-content,genres/epistolary-fiction.md
epistolary-fiction,genre,04,premise-theme-and-meaning,shared-placeholder,core-axis-content,genres/epistolary-fiction.md
epistolary-fiction,genre,05,structure-plot-and-escalation,shared-placeholder,core-axis-content,genres/epistolary-fiction.md
epistolary-fiction,genre,06,character-relationships-and-arcs,shared-placeholder,core-axis-content,genres/epistolary-fiction.md
epistolary-fiction,genre,07,voice-style-dialogue-and-point-of-view,shared-placeholder,core-axis-content,genres/epistolary-fiction.md
epistolary-fiction,genre,08,setting-atmosphere-and-worldbuilding,shared-placeholder,core-axis-content,genres/epistolary-fiction.md
epistolary-fiction,genre,09,emotion-tension-suspense-and-pacing,shared-placeholder,core-axis-content,genres/epistolary-fiction.md
epistolary-fiction,genre,10,titles-openings-climaxes-and-endings,shared-placeholder,core-axis-content,genres/epistolary-fiction.md
epistolary-fiction,genre,11,literary-devices-and-language-techniques,shared-placeholder,core-axis-content,genres/epistolary-fiction.md
epistolary-fiction,genre,12,conventions-cliches-and-innovation,shared-placeholder,core-axis-content,genres/epistolary-fiction.md
epistolary-fiction,genre,13,failure-modes-and-revision,shared-placeholder,core-axis-content,genres/epistolary-fiction.md
epistolary-fiction,genre,14,exercises-prompts-and-planning-tools,shared-placeholder,core-axis-content,genres/epistolary-fiction.md
epistolary-fiction,genre,15,sources-and-further-reading,shared-placeholder,core-axis-content,genres/epistolary-fiction.md
fantasy-fiction,genre,00,how-to-write,axis-baseline,core-axis-content,genres/fantasy-fiction.md
fantasy-fiction,genre,01,definition-boundaries-and-subgenres,shared-placeholder,core-axis-content,genres/fantasy-fiction.md
fantasy-fiction,genre,02,history-traditions-and-evolution,shared-placeholder,core-axis-content,genres/fantasy-fiction.md
fantasy-fiction,genre,03,reader-promise-and-emotional-engine,shared-placeholder,core-axis-content,genres/fantasy-fiction.md
fantasy-fiction,genre,04,premise-theme-and-meaning,shared-placeholder,core-axis-content,genres/fantasy-fiction.md
fantasy-fiction,genre,05,structure-plot-and-escalation,shared-placeholder,core-axis-content,genres/fantasy-fiction.md
fantasy-fiction,genre,06,character-relationships-and-arcs,shared-placeholder,core-axis-content,genres/fantasy-fiction.md
fantasy-fiction,genre,07,voice-style-dialogue-and-point-of-view,shared-placeholder,core-axis-content,genres/fantasy-fiction.md
fantasy-fiction,genre,08,setting-atmosphere-and-worldbuilding,shared-placeholder,core-axis-content,genres/fantasy-fiction.md
fantasy-fiction,genre,09,emotion-tension-suspense-and-pacing,shared-placeholder,core-axis-content,genres/fantasy-fiction.md
fantasy-fiction,genre,10,titles-openings-climaxes-and-endings,shared-placeholder,core-axis-content,genres/fantasy-fiction.md
fantasy-fiction,genre,11,literary-devices-and-language-techniques,shared-placeholder,core-axis-content,genres/fantasy-fiction.md
fantasy-fiction,genre,12,conventions-cliches-and-innovation,shared-placeholder,core-axis-content,genres/fantasy-fiction.md
fantasy-fiction,genre,13,failure-modes-and-revision,shared-placeholder,core-axis-content,genres/fantasy-fiction.md
fantasy-fiction,genre,14,exercises-prompts-and-planning-tools,shared-placeholder,core-axis-content,genres/fantasy-fiction.md
fantasy-fiction,genre,15,sources-and-further-reading,shared-placeholder,core-axis-content,genres/fantasy-fiction.md
feature-screenplay,genre,00,how-to-write,axis-baseline,core-axis-content,genres/feature-screenplay.md
feature-screenplay,genre,01,definition-boundaries-and-subgenres,shared-placeholder,core-axis-content,genres/feature-screenplay.md
feature-screenplay,genre,02,history-traditions-and-evolution,shared-placeholder,core-axis-content,genres/feature-screenplay.md
feature-screenplay,genre,03,reader-promise-and-emotional-engine,shared-placeholder,core-axis-content,genres/feature-screenplay.md
feature-screenplay,genre,04,premise-theme-and-meaning,shared-placeholder,core-axis-content,genres/feature-screenplay.md
feature-screenplay,genre,05,structure-plot-and-escalation,shared-placeholder,core-axis-content,genres/feature-screenplay.md
feature-screenplay,genre,06,character-relationships-and-arcs,shared-placeholder,core-axis-content,genres/feature-screenplay.md
feature-screenplay,genre,07,voice-style-dialogue-and-point-of-view,shared-placeholder,core-axis-content,genres/feature-screenplay.md
feature-screenplay,genre,08,setting-atmosphere-and-worldbuilding,shared-placeholder,core-axis-content,genres/feature-screenplay.md
feature-screenplay,genre,09,emotion-tension-suspense-and-pacing,shared-placeholder,core-axis-content,genres/feature-screenplay.md
feature-screenplay,genre,10,titles-openings-climaxes-and-endings,shared-placeholder,core-axis-content,genres/feature-screenplay.md
feature-screenplay,genre,11,literary-devices-and-language-techniques,shared-placeholder,core-axis-content,genres/feature-screenplay.md
feature-screenplay,genre,12,conventions-cliches-and-innovation,shared-placeholder,core-axis-content,genres/feature-screenplay.md
feature-screenplay,genre,13,failure-modes-and-revision,shared-placeholder,core-axis-content,genres/feature-screenplay.md
feature-screenplay,genre,14,exercises-prompts-and-planning-tools,shared-placeholder,core-axis-content,genres/feature-screenplay.md
feature-screenplay,genre,15,sources-and-further-reading,topic-specific,core-axis-content,genres/feature-screenplay.md
flash-fiction,genre,00,how-to-write,axis-baseline,core-axis-content,genres/flash-fiction.md
flash-fiction,genre,01,definition-boundaries-and-subgenres,shared-placeholder,core-axis-content,genres/flash-fiction.md
flash-fiction,genre,02,history-traditions-and-evolution,shared-placeholder,core-axis-content,genres/flash-fiction.md
flash-fiction,genre,03,reader-promise-and-emotional-engine,shared-placeholder,core-axis-content,genres/flash-fiction.md
flash-fiction,genre,04,premise-theme-and-meaning,shared-placeholder,core-axis-content,genres/flash-fiction.md
flash-fiction,genre,05,structure-plot-and-escalation,shared-placeholder,core-axis-content,genres/flash-fiction.md
flash-fiction,genre,06,character-relationships-and-arcs,shared-placeholder,core-axis-content,genres/flash-fiction.md
flash-fiction,genre,07,voice-style-dialogue-and-point-of-view,shared-placeholder,core-axis-content,genres/flash-fiction.md
flash-fiction,genre,08,setting-atmosphere-and-worldbuilding,shared-placeholder,core-axis-content,genres/flash-fiction.md
flash-fiction,genre,09,emotion-tension-suspense-and-pacing,shared-placeholder,core-axis-content,genres/flash-fiction.md
flash-fiction,genre,10,titles-openings-climaxes-and-endings,shared-placeholder,core-axis-content,genres/flash-fiction.md
flash-fiction,genre,11,literary-devices-and-language-techniques,shared-placeholder,core-axis-content,genres/flash-fiction.md
flash-fiction,genre,12,conventions-cliches-and-innovation,shared-placeholder,core-axis-content,genres/flash-fiction.md
flash-fiction,genre,13,failure-modes-and-revision,shared-placeholder,core-axis-content,genres/flash-fiction.md
flash-fiction,genre,14,exercises-prompts-and-planning-tools,shared-placeholder,core-axis-content,genres/flash-fiction.md
flash-fiction,genre,15,sources-and-further-reading,topic-specific,core-axis-content,genres/flash-fiction.md
frame-narrative,genre,00,how-to-write,axis-baseline,core-axis-content,genres/frame-narrative.md
frame-narrative,genre,01,definition-boundaries-and-subgenres,shared-placeholder,core-axis-content,genres/frame-narrative.md
frame-narrative,genre,02,history-traditions-and-evolution,shared-placeholder,core-axis-content,genres/frame-narrative.md
frame-narrative,genre,03,reader-promise-and-emotional-engine,shared-placeholder,core-axis-content,genres/frame-narrative.md
frame-narrative,genre,04,premise-theme-and-meaning,shared-placeholder,core-axis-content,genres/frame-narrative.md
frame-narrative,genre,05,structure-plot-and-escalation,shared-placeholder,core-axis-content,genres/frame-narrative.md
frame-narrative,genre,06,character-relationships-and-arcs,shared-placeholder,core-axis-content,genres/frame-narrative.md
frame-narrative,genre,07,voice-style-dialogue-and-point-of-view,shared-placeholder,core-axis-content,genres/frame-narrative.md
frame-narrative,genre,08,setting-atmosphere-and-worldbuilding,shared-placeholder,core-axis-content,genres/frame-narrative.md
frame-narrative,genre,09,emotion-tension-suspense-and-pacing,shared-placeholder,core-axis-content,genres/frame-narrative.md
frame-narrative,genre,10,titles-openings-climaxes-and-endings,shared-placeholder,core-axis-content,genres/frame-narrative.md
frame-narrative,genre,11,literary-devices-and-language-techniques,shared-placeholder,core-axis-content,genres/frame-narrative.md
frame-narrative,genre,12,conventions-cliches-and-innovation,shared-placeholder,core-axis-content,genres/frame-narrative.md
frame-narrative,genre,13,failure-modes-and-revision,shared-placeholder,core-axis-content,genres/frame-narrative.md
frame-narrative,genre,14,exercises-prompts-and-planning-tools,shared-placeholder,core-axis-content,genres/frame-narrative.md
frame-narrative,genre,15,sources-and-further-reading,shared-placeholder,core-axis-content,genres/frame-narrative.md
ghazal-sequence,genre,00,how-to-write,axis-baseline,core-axis-content,genres/ghazal-sequence.md
ghazal-sequence,genre,01,definition-boundaries-and-subgenres,shared-placeholder,core-axis-content,genres/ghazal-sequence.md
ghazal-sequence,genre,02,history-traditions-and-evolution,shared-placeholder,core-axis-content,genres/ghazal-sequence.md
ghazal-sequence,genre,03,reader-promise-and-emotional-engine,shared-placeholder,core-axis-content,genres/ghazal-sequence.md
ghazal-sequence,genre,04,premise-theme-and-meaning,shared-placeholder,core-axis-content,genres/ghazal-sequence.md
ghazal-sequence,genre,05,structure-plot-and-escalation,shared-placeholder,core-axis-content,genres/ghazal-sequence.md
ghazal-sequence,genre,06,character-relationships-and-arcs,shared-placeholder,core-axis-content,genres/ghazal-sequence.md
ghazal-sequence,genre,07,voice-style-dialogue-and-point-of-view,shared-placeholder,core-axis-content,genres/ghazal-sequence.md
ghazal-sequence,genre,08,setting-atmosphere-and-worldbuilding,shared-placeholder,core-axis-content,genres/ghazal-sequence.md
ghazal-sequence,genre,09,emotion-tension-suspense-and-pacing,shared-placeholder,core-axis-content,genres/ghazal-sequence.md
ghazal-sequence,genre,10,titles-openings-climaxes-and-endings,shared-placeholder,core-axis-content,genres/ghazal-sequence.md
ghazal-sequence,genre,11,literary-devices-and-language-techniques,shared-placeholder,core-axis-content,genres/ghazal-sequence.md
ghazal-sequence,genre,12,conventions-cliches-and-innovation,shared-placeholder,core-axis-content,genres/ghazal-sequence.md
ghazal-sequence,genre,13,failure-modes-and-revision,shared-placeholder,core-axis-content,genres/ghazal-sequence.md
ghazal-sequence,genre,14,exercises-prompts-and-planning-tools,shared-placeholder,core-axis-content,genres/ghazal-sequence.md
ghazal-sequence,genre,15,sources-and-further-reading,shared-placeholder,core-axis-content,genres/ghazal-sequence.md
gothic-fiction,genre,00,how-to-write,axis-baseline,core-axis-content,genres/gothic-fiction.md
gothic-fiction,genre,01,definition-boundaries-and-subgenres,shared-placeholder,core-axis-content,genres/gothic-fiction.md
gothic-fiction,genre,02,history-traditions-and-evolution,shared-placeholder,core-axis-content,genres/gothic-fiction.md
gothic-fiction,genre,03,reader-promise-and-emotional-engine,shared-placeholder,core-axis-content,genres/gothic-fiction.md
gothic-fiction,genre,04,premise-theme-and-meaning,shared-placeholder,core-axis-content,genres/gothic-fiction.md
gothic-fiction,genre,05,structure-plot-and-escalation,shared-placeholder,core-axis-content,genres/gothic-fiction.md
gothic-fiction,genre,06,character-relationships-and-arcs,shared-placeholder,core-axis-content,genres/gothic-fiction.md
gothic-fiction,genre,07,voice-style-dialogue-and-point-of-view,shared-placeholder,core-axis-content,genres/gothic-fiction.md
gothic-fiction,genre,08,setting-atmosphere-and-worldbuilding,shared-placeholder,core-axis-content,genres/gothic-fiction.md
gothic-fiction,genre,09,emotion-tension-suspense-and-pacing,shared-placeholder,core-axis-content,genres/gothic-fiction.md
gothic-fiction,genre,10,titles-openings-climaxes-and-endings,shared-placeholder,core-axis-content,genres/gothic-fiction.md
gothic-fiction,genre,11,literary-devices-and-language-techniques,shared-placeholder,core-axis-content,genres/gothic-fiction.md
gothic-fiction,genre,12,conventions-cliches-and-innovation,shared-placeholder,core-axis-content,genres/gothic-fiction.md
gothic-fiction,genre,13,failure-modes-and-revision,shared-placeholder,core-axis-content,genres/gothic-fiction.md
gothic-fiction,genre,14,exercises-prompts-and-planning-tools,shared-placeholder,core-axis-content,genres/gothic-fiction.md
gothic-fiction,genre,15,sources-and-further-reading,shared-placeholder,core-axis-content,genres/gothic-fiction.md
historical-fiction,genre,00,how-to-write,axis-baseline,core-axis-content,genres/historical-fiction.md
historical-fiction,genre,01,definition-boundaries-and-subgenres,shared-placeholder,core-axis-content,genres/historical-fiction.md
historical-fiction,genre,02,history-traditions-and-evolution,shared-placeholder,core-axis-content,genres/historical-fiction.md
historical-fiction,genre,03,reader-promise-and-emotional-engine,shared-placeholder,core-axis-content,genres/historical-fiction.md
historical-fiction,genre,04,premise-theme-and-meaning,shared-placeholder,core-axis-content,genres/historical-fiction.md
historical-fiction,genre,05,structure-plot-and-escalation,shared-placeholder,core-axis-content,genres/historical-fiction.md
historical-fiction,genre,06,character-relationships-and-arcs,shared-placeholder,core-axis-content,genres/historical-fiction.md
historical-fiction,genre,07,voice-style-dialogue-and-point-of-view,shared-placeholder,core-axis-content,genres/historical-fiction.md
historical-fiction,genre,08,setting-atmosphere-and-worldbuilding,shared-placeholder,core-axis-content,genres/historical-fiction.md
historical-fiction,genre,09,emotion-tension-suspense-and-pacing,shared-placeholder,core-axis-content,genres/historical-fiction.md
historical-fiction,genre,10,titles-openings-climaxes-and-endings,shared-placeholder,core-axis-content,genres/historical-fiction.md
historical-fiction,genre,11,literary-devices-and-language-techniques,shared-placeholder,core-axis-content,genres/historical-fiction.md
historical-fiction,genre,12,conventions-cliches-and-innovation,shared-placeholder,core-axis-content,genres/historical-fiction.md
historical-fiction,genre,13,failure-modes-and-revision,shared-placeholder,core-axis-content,genres/historical-fiction.md
historical-fiction,genre,14,exercises-prompts-and-planning-tools,shared-placeholder,core-axis-content,genres/historical-fiction.md
historical-fiction,genre,15,sources-and-further-reading,shared-placeholder,core-axis-content,genres/historical-fiction.md
horror-fiction,genre,00,how-to-write,axis-baseline,core-axis-content,genres/horror-fiction.md
horror-fiction,genre,01,definition-boundaries-and-subgenres,shared-placeholder,core-axis-content,genres/horror-fiction.md
horror-fiction,genre,02,history-traditions-and-evolution,shared-placeholder,core-axis-content,genres/horror-fiction.md
horror-fiction,genre,03,reader-promise-and-emotional-engine,shared-placeholder,core-axis-content,genres/horror-fiction.md
horror-fiction,genre,04,premise-theme-and-meaning,shared-placeholder,core-axis-content,genres/horror-fiction.md
horror-fiction,genre,05,structure-plot-and-escalation,shared-placeholder,core-axis-content,genres/horror-fiction.md
horror-fiction,genre,06,character-relationships-and-arcs,shared-placeholder,core-axis-content,genres/horror-fiction.md
horror-fiction,genre,07,voice-style-dialogue-and-point-of-view,shared-placeholder,core-axis-content,genres/horror-fiction.md
horror-fiction,genre,08,setting-atmosphere-and-worldbuilding,shared-placeholder,core-axis-content,genres/horror-fiction.md
horror-fiction,genre,09,emotion-tension-suspense-and-pacing,shared-placeholder,core-axis-content,genres/horror-fiction.md
horror-fiction,genre,10,titles-openings-climaxes-and-endings,shared-placeholder,core-axis-content,genres/horror-fiction.md
horror-fiction,genre,11,literary-devices-and-language-techniques,shared-placeholder,core-axis-content,genres/horror-fiction.md
horror-fiction,genre,12,conventions-cliches-and-innovation,shared-placeholder,core-axis-content,genres/horror-fiction.md
horror-fiction,genre,13,failure-modes-and-revision,shared-placeholder,core-axis-content,genres/horror-fiction.md
horror-fiction,genre,14,exercises-prompts-and-planning-tools,shared-placeholder,core-axis-content,genres/horror-fiction.md
horror-fiction,genre,15,sources-and-further-reading,shared-placeholder,core-axis-content,genres/horror-fiction.md
interactive-fiction,genre,00,how-to-write,axis-baseline,core-axis-content,genres/interactive-fiction.md
interactive-fiction,genre,01,definition-boundaries-and-subgenres,shared-placeholder,core-axis-content,genres/interactive-fiction.md
interactive-fiction,genre,02,history-traditions-and-evolution,shared-placeholder,core-axis-content,genres/interactive-fiction.md
interactive-fiction,genre,03,reader-promise-and-emotional-engine,shared-placeholder,core-axis-content,genres/interactive-fiction.md
interactive-fiction,genre,04,premise-theme-and-meaning,shared-placeholder,core-axis-content,genres/interactive-fiction.md
interactive-fiction,genre,05,structure-plot-and-escalation,shared-placeholder,core-axis-content,genres/interactive-fiction.md
interactive-fiction,genre,06,character-relationships-and-arcs,shared-placeholder,core-axis-content,genres/interactive-fiction.md
interactive-fiction,genre,07,voice-style-dialogue-and-point-of-view,shared-placeholder,core-axis-content,genres/interactive-fiction.md
interactive-fiction,genre,08,setting-atmosphere-and-worldbuilding,shared-placeholder,core-axis-content,genres/interactive-fiction.md
interactive-fiction,genre,09,emotion-tension-suspense-and-pacing,shared-placeholder,core-axis-content,genres/interactive-fiction.md
interactive-fiction,genre,10,titles-openings-climaxes-and-endings,shared-placeholder,core-axis-content,genres/interactive-fiction.md
interactive-fiction,genre,11,literary-devices-and-language-techniques,shared-placeholder,core-axis-content,genres/interactive-fiction.md
interactive-fiction,genre,12,conventions-cliches-and-innovation,shared-placeholder,core-axis-content,genres/interactive-fiction.md
interactive-fiction,genre,13,failure-modes-and-revision,shared-placeholder,core-axis-content,genres/interactive-fiction.md
interactive-fiction,genre,14,exercises-prompts-and-planning-tools,shared-placeholder,core-axis-content,genres/interactive-fiction.md
interactive-fiction,genre,15,sources-and-further-reading,topic-specific,core-axis-content,genres/interactive-fiction.md
katha-tradition,genre,00,how-to-write,axis-baseline,core-axis-content,genres/katha-tradition.md
katha-tradition,genre,01,definition-boundaries-and-subgenres,shared-placeholder,core-axis-content,genres/katha-tradition.md
katha-tradition,genre,02,history-traditions-and-evolution,shared-placeholder,core-axis-content,genres/katha-tradition.md
katha-tradition,genre,03,reader-promise-and-emotional-engine,shared-placeholder,core-axis-content,genres/katha-tradition.md
katha-tradition,genre,04,premise-theme-and-meaning,shared-placeholder,core-axis-content,genres/katha-tradition.md
katha-tradition,genre,05,structure-plot-and-escalation,shared-placeholder,core-axis-content,genres/katha-tradition.md
katha-tradition,genre,06,character-relationships-and-arcs,shared-placeholder,core-axis-content,genres/katha-tradition.md
katha-tradition,genre,07,voice-style-dialogue-and-point-of-view,shared-placeholder,core-axis-content,genres/katha-tradition.md
katha-tradition,genre,08,setting-atmosphere-and-worldbuilding,shared-placeholder,core-axis-content,genres/katha-tradition.md
katha-tradition,genre,09,emotion-tension-suspense-and-pacing,shared-placeholder,core-axis-content,genres/katha-tradition.md
katha-tradition,genre,10,titles-openings-climaxes-and-endings,shared-placeholder,core-axis-content,genres/katha-tradition.md
katha-tradition,genre,11,literary-devices-and-language-techniques,shared-placeholder,core-axis-content,genres/katha-tradition.md
katha-tradition,genre,12,conventions-cliches-and-innovation,shared-placeholder,core-axis-content,genres/katha-tradition.md
katha-tradition,genre,13,failure-modes-and-revision,shared-placeholder,core-axis-content,genres/katha-tradition.md
katha-tradition,genre,14,exercises-prompts-and-planning-tools,shared-placeholder,core-axis-content,genres/katha-tradition.md
katha-tradition,genre,15,sources-and-further-reading,shared-placeholder,core-axis-content,genres/katha-tradition.md
nataka-drama,genre,00,how-to-write,axis-baseline,core-axis-content,genres/nataka-drama.md
nataka-drama,genre,01,definition-boundaries-and-subgenres,shared-placeholder,core-axis-content,genres/nataka-drama.md
nataka-drama,genre,02,history-traditions-and-evolution,shared-placeholder,core-axis-content,genres/nataka-drama.md
nataka-drama,genre,03,reader-promise-and-emotional-engine,shared-placeholder,core-axis-content,genres/nataka-drama.md
nataka-drama,genre,04,premise-theme-and-meaning,shared-placeholder,core-axis-content,genres/nataka-drama.md
nataka-drama,genre,05,structure-plot-and-escalation,shared-placeholder,core-axis-content,genres/nataka-drama.md
nataka-drama,genre,06,character-relationships-and-arcs,shared-placeholder,core-axis-content,genres/nataka-drama.md
nataka-drama,genre,07,voice-style-dialogue-and-point-of-view,shared-placeholder,core-axis-content,genres/nataka-drama.md
nataka-drama,genre,08,setting-atmosphere-and-worldbuilding,shared-placeholder,core-axis-content,genres/nataka-drama.md
nataka-drama,genre,09,emotion-tension-suspense-and-pacing,shared-placeholder,core-axis-content,genres/nataka-drama.md
nataka-drama,genre,10,titles-openings-climaxes-and-endings,shared-placeholder,core-axis-content,genres/nataka-drama.md
nataka-drama,genre,11,literary-devices-and-language-techniques,shared-placeholder,core-axis-content,genres/nataka-drama.md
nataka-drama,genre,12,conventions-cliches-and-innovation,shared-placeholder,core-axis-content,genres/nataka-drama.md
nataka-drama,genre,13,failure-modes-and-revision,shared-placeholder,core-axis-content,genres/nataka-drama.md
nataka-drama,genre,14,exercises-prompts-and-planning-tools,shared-placeholder,core-axis-content,genres/nataka-drama.md
nataka-drama,genre,15,sources-and-further-reading,shared-placeholder,core-axis-content,genres/nataka-drama.md
pastoral-literature,genre,00,how-to-write,axis-baseline,core-axis-content,genres/pastoral-literature.md
pastoral-literature,genre,01,definition-boundaries-and-subgenres,shared-placeholder,core-axis-content,genres/pastoral-literature.md
pastoral-literature,genre,02,history-traditions-and-evolution,shared-placeholder,core-axis-content,genres/pastoral-literature.md
pastoral-literature,genre,03,reader-promise-and-emotional-engine,shared-placeholder,core-axis-content,genres/pastoral-literature.md
pastoral-literature,genre,04,premise-theme-and-meaning,shared-placeholder,core-axis-content,genres/pastoral-literature.md
pastoral-literature,genre,05,structure-plot-and-escalation,shared-placeholder,core-axis-content,genres/pastoral-literature.md
pastoral-literature,genre,06,character-relationships-and-arcs,shared-placeholder,core-axis-content,genres/pastoral-literature.md
pastoral-literature,genre,07,voice-style-dialogue-and-point-of-view,shared-placeholder,core-axis-content,genres/pastoral-literature.md
pastoral-literature,genre,08,setting-atmosphere-and-worldbuilding,shared-placeholder,core-axis-content,genres/pastoral-literature.md
pastoral-literature,genre,09,emotion-tension-suspense-and-pacing,shared-placeholder,core-axis-content,genres/pastoral-literature.md
pastoral-literature,genre,10,titles-openings-climaxes-and-endings,shared-placeholder,core-axis-content,genres/pastoral-literature.md
pastoral-literature,genre,11,literary-devices-and-language-techniques,shared-placeholder,core-axis-content,genres/pastoral-literature.md
pastoral-literature,genre,12,conventions-cliches-and-innovation,shared-placeholder,core-axis-content,genres/pastoral-literature.md
pastoral-literature,genre,13,failure-modes-and-revision,shared-placeholder,core-axis-content,genres/pastoral-literature.md
pastoral-literature,genre,14,exercises-prompts-and-planning-tools,shared-placeholder,core-axis-content,genres/pastoral-literature.md
pastoral-literature,genre,15,sources-and-further-reading,topic-specific,core-axis-content,genres/pastoral-literature.md
picaresque-literature,genre,00,how-to-write,axis-baseline,core-axis-content,genres/picaresque-literature.md
picaresque-literature,genre,01,definition-boundaries-and-subgenres,shared-placeholder,core-axis-content,genres/picaresque-literature.md
picaresque-literature,genre,02,history-traditions-and-evolution,shared-placeholder,core-axis-content,genres/picaresque-literature.md
picaresque-literature,genre,03,reader-promise-and-emotional-engine,shared-placeholder,core-axis-content,genres/picaresque-literature.md
picaresque-literature,genre,04,premise-theme-and-meaning,shared-placeholder,core-axis-content,genres/picaresque-literature.md
picaresque-literature,genre,05,structure-plot-and-escalation,shared-placeholder,core-axis-content,genres/picaresque-literature.md
picaresque-literature,genre,06,character-relationships-and-arcs,shared-placeholder,core-axis-content,genres/picaresque-literature.md
picaresque-literature,genre,07,voice-style-dialogue-and-point-of-view,shared-placeholder,core-axis-content,genres/picaresque-literature.md
picaresque-literature,genre,08,setting-atmosphere-and-worldbuilding,shared-placeholder,core-axis-content,genres/picaresque-literature.md
picaresque-literature,genre,09,emotion-tension-suspense-and-pacing,shared-placeholder,core-axis-content,genres/picaresque-literature.md
picaresque-literature,genre,10,titles-openings-climaxes-and-endings,shared-placeholder,core-axis-content,genres/picaresque-literature.md
picaresque-literature,genre,11,literary-devices-and-language-techniques,shared-placeholder,core-axis-content,genres/picaresque-literature.md
picaresque-literature,genre,12,conventions-cliches-and-innovation,shared-placeholder,core-axis-content,genres/picaresque-literature.md
picaresque-literature,genre,13,failure-modes-and-revision,shared-placeholder,core-axis-content,genres/picaresque-literature.md
picaresque-literature,genre,14,exercises-prompts-and-planning-tools,shared-placeholder,core-axis-content,genres/picaresque-literature.md
picaresque-literature,genre,15,sources-and-further-reading,shared-placeholder,core-axis-content,genres/picaresque-literature.md
prakarana-drama,genre,00,how-to-write,axis-baseline,core-axis-content,genres/prakarana-drama.md
prakarana-drama,genre,01,definition-boundaries-and-subgenres,shared-placeholder,core-axis-content,genres/prakarana-drama.md
prakarana-drama,genre,02,history-traditions-and-evolution,shared-placeholder,core-axis-content,genres/prakarana-drama.md
prakarana-drama,genre,03,reader-promise-and-emotional-engine,shared-placeholder,core-axis-content,genres/prakarana-drama.md
prakarana-drama,genre,04,premise-theme-and-meaning,shared-placeholder,core-axis-content,genres/prakarana-drama.md
prakarana-drama,genre,05,structure-plot-and-escalation,shared-placeholder,core-axis-content,genres/prakarana-drama.md
prakarana-drama,genre,06,character-relationships-and-arcs,shared-placeholder,core-axis-content,genres/prakarana-drama.md
prakarana-drama,genre,07,voice-style-dialogue-and-point-of-view,shared-placeholder,core-axis-content,genres/prakarana-drama.md
prakarana-drama,genre,08,setting-atmosphere-and-worldbuilding,shared-placeholder,core-axis-content,genres/prakarana-drama.md
prakarana-drama,genre,09,emotion-tension-suspense-and-pacing,shared-placeholder,core-axis-content,genres/prakarana-drama.md
prakarana-drama,genre,10,titles-openings-climaxes-and-endings,shared-placeholder,core-axis-content,genres/prakarana-drama.md
prakarana-drama,genre,11,literary-devices-and-language-techniques,shared-placeholder,core-axis-content,genres/prakarana-drama.md
prakarana-drama,genre,12,conventions-cliches-and-innovation,shared-placeholder,core-axis-content,genres/prakarana-drama.md
prakarana-drama,genre,13,failure-modes-and-revision,shared-placeholder,core-axis-content,genres/prakarana-drama.md
prakarana-drama,genre,14,exercises-prompts-and-planning-tools,shared-placeholder,core-axis-content,genres/prakarana-drama.md
prakarana-drama,genre,15,sources-and-further-reading,shared-placeholder,core-axis-content,genres/prakarana-drama.md
romance-fiction,genre,00,how-to-write,axis-baseline,core-axis-content,genres/romance-fiction.md
romance-fiction,genre,01,definition-boundaries-and-subgenres,shared-placeholder,core-axis-content,genres/romance-fiction.md
romance-fiction,genre,02,history-traditions-and-evolution,shared-placeholder,core-axis-content,genres/romance-fiction.md
romance-fiction,genre,03,reader-promise-and-emotional-engine,shared-placeholder,core-axis-content,genres/romance-fiction.md
romance-fiction,genre,04,premise-theme-and-meaning,shared-placeholder,core-axis-content,genres/romance-fiction.md
romance-fiction,genre,05,structure-plot-and-escalation,shared-placeholder,core-axis-content,genres/romance-fiction.md
romance-fiction,genre,06,character-relationships-and-arcs,shared-placeholder,core-axis-content,genres/romance-fiction.md
romance-fiction,genre,07,voice-style-dialogue-and-point-of-view,shared-placeholder,core-axis-content,genres/romance-fiction.md
romance-fiction,genre,08,setting-atmosphere-and-worldbuilding,shared-placeholder,core-axis-content,genres/romance-fiction.md
romance-fiction,genre,09,emotion-tension-suspense-and-pacing,shared-placeholder,core-axis-content,genres/romance-fiction.md
romance-fiction,genre,10,titles-openings-climaxes-and-endings,shared-placeholder,core-axis-content,genres/romance-fiction.md
romance-fiction,genre,11,literary-devices-and-language-techniques,shared-placeholder,core-axis-content,genres/romance-fiction.md
romance-fiction,genre,12,conventions-cliches-and-innovation,shared-placeholder,core-axis-content,genres/romance-fiction.md
romance-fiction,genre,13,failure-modes-and-revision,shared-placeholder,core-axis-content,genres/romance-fiction.md
romance-fiction,genre,14,exercises-prompts-and-planning-tools,shared-placeholder,core-axis-content,genres/romance-fiction.md
romance-fiction,genre,15,sources-and-further-reading,shared-placeholder,core-axis-content,genres/romance-fiction.md
satirical-literature,genre,00,how-to-write,axis-baseline,core-axis-content,genres/satirical-literature.md
satirical-literature,genre,01,definition-boundaries-and-subgenres,shared-placeholder,core-axis-content,genres/satirical-literature.md
satirical-literature,genre,02,history-traditions-and-evolution,shared-placeholder,core-axis-content,genres/satirical-literature.md
satirical-literature,genre,03,reader-promise-and-emotional-engine,shared-placeholder,core-axis-content,genres/satirical-literature.md
satirical-literature,genre,04,premise-theme-and-meaning,shared-placeholder,core-axis-content,genres/satirical-literature.md
satirical-literature,genre,05,structure-plot-and-escalation,shared-placeholder,core-axis-content,genres/satirical-literature.md
satirical-literature,genre,06,character-relationships-and-arcs,shared-placeholder,core-axis-content,genres/satirical-literature.md
satirical-literature,genre,07,voice-style-dialogue-and-point-of-view,shared-placeholder,core-axis-content,genres/satirical-literature.md
satirical-literature,genre,08,setting-atmosphere-and-worldbuilding,shared-placeholder,core-axis-content,genres/satirical-literature.md
satirical-literature,genre,09,emotion-tension-suspense-and-pacing,shared-placeholder,core-axis-content,genres/satirical-literature.md
satirical-literature,genre,10,titles-openings-climaxes-and-endings,shared-placeholder,core-axis-content,genres/satirical-literature.md
satirical-literature,genre,11,literary-devices-and-language-techniques,shared-placeholder,core-axis-content,genres/satirical-literature.md
satirical-literature,genre,12,conventions-cliches-and-innovation,shared-placeholder,core-axis-content,genres/satirical-literature.md
satirical-literature,genre,13,failure-modes-and-revision,shared-placeholder,core-axis-content,genres/satirical-literature.md
satirical-literature,genre,14,exercises-prompts-and-planning-tools,shared-placeholder,core-axis-content,genres/satirical-literature.md
satirical-literature,genre,15,sources-and-further-reading,shared-placeholder,core-axis-content,genres/satirical-literature.md
science-fiction,genre,00,how-to-write,axis-baseline,core-axis-content,genres/science-fiction.md
science-fiction,genre,01,definition-boundaries-and-subgenres,shared-placeholder,core-axis-content,genres/science-fiction.md
science-fiction,genre,02,history-traditions-and-evolution,shared-placeholder,core-axis-content,genres/science-fiction.md
science-fiction,genre,03,reader-promise-and-emotional-engine,shared-placeholder,core-axis-content,genres/science-fiction.md
science-fiction,genre,04,premise-theme-and-meaning,shared-placeholder,core-axis-content,genres/science-fiction.md
science-fiction,genre,05,structure-plot-and-escalation,shared-placeholder,core-axis-content,genres/science-fiction.md
science-fiction,genre,06,character-relationships-and-arcs,shared-placeholder,core-axis-content,genres/science-fiction.md
science-fiction,genre,07,voice-style-dialogue-and-point-of-view,shared-placeholder,core-axis-content,genres/science-fiction.md
science-fiction,genre,08,setting-atmosphere-and-worldbuilding,shared-placeholder,core-axis-content,genres/science-fiction.md
science-fiction,genre,09,emotion-tension-suspense-and-pacing,shared-placeholder,core-axis-content,genres/science-fiction.md
science-fiction,genre,10,titles-openings-climaxes-and-endings,shared-placeholder,core-axis-content,genres/science-fiction.md
science-fiction,genre,11,literary-devices-and-language-techniques,shared-placeholder,core-axis-content,genres/science-fiction.md
science-fiction,genre,12,conventions-cliches-and-innovation,shared-placeholder,core-axis-content,genres/science-fiction.md
science-fiction,genre,13,failure-modes-and-revision,shared-placeholder,core-axis-content,genres/science-fiction.md
science-fiction,genre,14,exercises-prompts-and-planning-tools,shared-placeholder,core-axis-content,genres/science-fiction.md
science-fiction,genre,15,sources-and-further-reading,shared-placeholder,core-axis-content,genres/science-fiction.md
speculative-fiction,genre,00,how-to-write,axis-baseline,core-axis-content,genres/speculative-fiction.md
speculative-fiction,genre,01,definition-boundaries-and-subgenres,shared-placeholder,core-axis-content,genres/speculative-fiction.md
speculative-fiction,genre,02,history-traditions-and-evolution,shared-placeholder,core-axis-content,genres/speculative-fiction.md
speculative-fiction,genre,03,reader-promise-and-emotional-engine,shared-placeholder,core-axis-content,genres/speculative-fiction.md
speculative-fiction,genre,04,premise-theme-and-meaning,shared-placeholder,core-axis-content,genres/speculative-fiction.md
speculative-fiction,genre,05,structure-plot-and-escalation,shared-placeholder,core-axis-content,genres/speculative-fiction.md
speculative-fiction,genre,06,character-relationships-and-arcs,shared-placeholder,core-axis-content,genres/speculative-fiction.md
speculative-fiction,genre,07,voice-style-dialogue-and-point-of-view,shared-placeholder,core-axis-content,genres/speculative-fiction.md
speculative-fiction,genre,08,setting-atmosphere-and-worldbuilding,shared-placeholder,core-axis-content,genres/speculative-fiction.md
speculative-fiction,genre,09,emotion-tension-suspense-and-pacing,shared-placeholder,core-axis-content,genres/speculative-fiction.md
speculative-fiction,genre,10,titles-openings-climaxes-and-endings,shared-placeholder,core-axis-content,genres/speculative-fiction.md
speculative-fiction,genre,11,literary-devices-and-language-techniques,shared-placeholder,core-axis-content,genres/speculative-fiction.md
speculative-fiction,genre,12,conventions-cliches-and-innovation,shared-placeholder,core-axis-content,genres/speculative-fiction.md
speculative-fiction,genre,13,failure-modes-and-revision,shared-placeholder,core-axis-content,genres/speculative-fiction.md
speculative-fiction,genre,14,exercises-prompts-and-planning-tools,shared-placeholder,core-axis-content,genres/speculative-fiction.md
speculative-fiction,genre,15,sources-and-further-reading,shared-placeholder,core-axis-content,genres/speculative-fiction.md
thriller-fiction,genre,00,how-to-write,axis-baseline,core-axis-content,genres/thriller-fiction.md
thriller-fiction,genre,01,definition-boundaries-and-subgenres,shared-placeholder,core-axis-content,genres/thriller-fiction.md
thriller-fiction,genre,02,history-traditions-and-evolution,shared-placeholder,core-axis-content,genres/thriller-fiction.md
thriller-fiction,genre,03,reader-promise-and-emotional-engine,shared-placeholder,core-axis-content,genres/thriller-fiction.md
thriller-fiction,genre,04,premise-theme-and-meaning,shared-placeholder,core-axis-content,genres/thriller-fiction.md
thriller-fiction,genre,05,structure-plot-and-escalation,shared-placeholder,core-axis-content,genres/thriller-fiction.md
thriller-fiction,genre,06,character-relationships-and-arcs,shared-placeholder,core-axis-content,genres/thriller-fiction.md
thriller-fiction,genre,07,voice-style-dialogue-and-point-of-view,shared-placeholder,core-axis-content,genres/thriller-fiction.md
thriller-fiction,genre,08,setting-atmosphere-and-worldbuilding,shared-placeholder,core-axis-content,genres/thriller-fiction.md
thriller-fiction,genre,09,emotion-tension-suspense-and-pacing,shared-placeholder,core-axis-content,genres/thriller-fiction.md
thriller-fiction,genre,10,titles-openings-climaxes-and-endings,shared-placeholder,core-axis-content,genres/thriller-fiction.md
thriller-fiction,genre,11,literary-devices-and-language-techniques,shared-placeholder,core-axis-content,genres/thriller-fiction.md
thriller-fiction,genre,12,conventions-cliches-and-innovation,shared-placeholder,core-axis-content,genres/thriller-fiction.md
thriller-fiction,genre,13,failure-modes-and-revision,shared-placeholder,core-axis-content,genres/thriller-fiction.md
thriller-fiction,genre,14,exercises-prompts-and-planning-tools,shared-placeholder,core-axis-content,genres/thriller-fiction.md
thriller-fiction,genre,15,sources-and-further-reading,shared-placeholder,core-axis-content,genres/thriller-fiction.md
vachana-poetry,genre,00,how-to-write,axis-baseline,core-axis-content,genres/vachana-poetry.md
vachana-poetry,genre,01,definition-boundaries-and-subgenres,shared-placeholder,core-axis-content,genres/vachana-poetry.md
vachana-poetry,genre,02,history-traditions-and-evolution,shared-placeholder,core-axis-content,genres/vachana-poetry.md
vachana-poetry,genre,03,reader-promise-and-emotional-engine,shared-placeholder,core-axis-content,genres/vachana-poetry.md
vachana-poetry,genre,04,premise-theme-and-meaning,shared-placeholder,core-axis-content,genres/vachana-poetry.md
vachana-poetry,genre,05,structure-plot-and-escalation,shared-placeholder,core-axis-content,genres/vachana-poetry.md
vachana-poetry,genre,06,character-relationships-and-arcs,shared-placeholder,core-axis-content,genres/vachana-poetry.md
vachana-poetry,genre,07,voice-style-dialogue-and-point-of-view,shared-placeholder,core-axis-content,genres/vachana-poetry.md
vachana-poetry,genre,08,setting-atmosphere-and-worldbuilding,shared-placeholder,core-axis-content,genres/vachana-poetry.md
vachana-poetry,genre,09,emotion-tension-suspense-and-pacing,shared-placeholder,core-axis-content,genres/vachana-poetry.md
vachana-poetry,genre,10,titles-openings-climaxes-and-endings,shared-placeholder,core-axis-content,genres/vachana-poetry.md
vachana-poetry,genre,11,literary-devices-and-language-techniques,shared-placeholder,core-axis-content,genres/vachana-poetry.md
vachana-poetry,genre,12,conventions-cliches-and-innovation,shared-placeholder,core-axis-content,genres/vachana-poetry.md
vachana-poetry,genre,13,failure-modes-and-revision,shared-placeholder,core-axis-content,genres/vachana-poetry.md
vachana-poetry,genre,14,exercises-prompts-and-planning-tools,shared-placeholder,core-axis-content,genres/vachana-poetry.md
vachana-poetry,genre,15,sources-and-further-reading,shared-placeholder,core-axis-content,genres/vachana-poetry.md
bildungsroman,subgenre,00,how-to-write,axis-baseline,core-axis-content,subgenres/bildungsroman.md
bildungsroman,subgenre,01,definition-boundaries-and-subgenres,shared-placeholder,core-axis-content,subgenres/bildungsroman.md
bildungsroman,subgenre,02,history-traditions-and-evolution,shared-placeholder,core-axis-content,subgenres/bildungsroman.md
bildungsroman,subgenre,03,reader-promise-and-emotional-engine,shared-placeholder,core-axis-content,subgenres/bildungsroman.md
bildungsroman,subgenre,04,premise-theme-and-meaning,shared-placeholder,core-axis-content,subgenres/bildungsroman.md
bildungsroman,subgenre,05,structure-plot-and-escalation,shared-placeholder,core-axis-content,subgenres/bildungsroman.md
bildungsroman,subgenre,06,character-relationships-and-arcs,shared-placeholder,core-axis-content,subgenres/bildungsroman.md
bildungsroman,subgenre,07,voice-style-dialogue-and-point-of-view,shared-placeholder,core-axis-content,subgenres/bildungsroman.md
bildungsroman,subgenre,08,setting-atmosphere-and-worldbuilding,shared-placeholder,core-axis-content,subgenres/bildungsroman.md
bildungsroman,subgenre,09,emotion-tension-suspense-and-pacing,shared-placeholder,core-axis-content,subgenres/bildungsroman.md
bildungsroman,subgenre,10,titles-openings-climaxes-and-endings,shared-placeholder,core-axis-content,subgenres/bildungsroman.md
bildungsroman,subgenre,11,literary-devices-and-language-techniques,shared-placeholder,core-axis-content,subgenres/bildungsroman.md
bildungsroman,subgenre,12,conventions-cliches-and-innovation,shared-placeholder,core-axis-content,subgenres/bildungsroman.md
bildungsroman,subgenre,13,failure-modes-and-revision,shared-placeholder,core-axis-content,subgenres/bildungsroman.md
bildungsroman,subgenre,14,exercises-prompts-and-planning-tools,shared-placeholder,core-axis-content,subgenres/bildungsroman.md
bildungsroman,subgenre,15,sources-and-further-reading,shared-placeholder,core-axis-content,subgenres/bildungsroman.md
cozy-mystery,subgenre,00,how-to-write,axis-baseline,core-axis-content,subgenres/cozy-mystery.md
cozy-mystery,subgenre,01,definition-boundaries-and-subgenres,shared-placeholder,core-axis-content,subgenres/cozy-mystery.md
cozy-mystery,subgenre,02,history-traditions-and-evolution,shared-placeholder,core-axis-content,subgenres/cozy-mystery.md
cozy-mystery,subgenre,03,reader-promise-and-emotional-engine,shared-placeholder,core-axis-content,subgenres/cozy-mystery.md
cozy-mystery,subgenre,04,premise-theme-and-meaning,shared-placeholder,core-axis-content,subgenres/cozy-mystery.md
cozy-mystery,subgenre,05,structure-plot-and-escalation,shared-placeholder,core-axis-content,subgenres/cozy-mystery.md
cozy-mystery,subgenre,06,character-relationships-and-arcs,shared-placeholder,core-axis-content,subgenres/cozy-mystery.md
cozy-mystery,subgenre,07,voice-style-dialogue-and-point-of-view,shared-placeholder,core-axis-content,subgenres/cozy-mystery.md
cozy-mystery,subgenre,08,setting-atmosphere-and-worldbuilding,shared-placeholder,core-axis-content,subgenres/cozy-mystery.md
cozy-mystery,subgenre,09,emotion-tension-suspense-and-pacing,shared-placeholder,core-axis-content,subgenres/cozy-mystery.md
cozy-mystery,subgenre,10,titles-openings-climaxes-and-endings,shared-placeholder,core-axis-content,subgenres/cozy-mystery.md
cozy-mystery,subgenre,11,literary-devices-and-language-techniques,shared-placeholder,core-axis-content,subgenres/cozy-mystery.md
cozy-mystery,subgenre,12,conventions-cliches-and-innovation,shared-placeholder,core-axis-content,subgenres/cozy-mystery.md
cozy-mystery,subgenre,13,failure-modes-and-revision,shared-placeholder,core-axis-content,subgenres/cozy-mystery.md
cozy-mystery,subgenre,14,exercises-prompts-and-planning-tools,shared-placeholder,core-axis-content,subgenres/cozy-mystery.md
cozy-mystery,subgenre,15,sources-and-further-reading,shared-placeholder,core-axis-content,subgenres/cozy-mystery.md
cyberpunk,subgenre,00,how-to-write,axis-baseline,core-axis-content,subgenres/cyberpunk.md
cyberpunk,subgenre,01,definition-boundaries-and-subgenres,shared-placeholder,core-axis-content,subgenres/cyberpunk.md
cyberpunk,subgenre,02,history-traditions-and-evolution,shared-placeholder,core-axis-content,subgenres/cyberpunk.md
cyberpunk,subgenre,03,reader-promise-and-emotional-engine,shared-placeholder,core-axis-content,subgenres/cyberpunk.md
cyberpunk,subgenre,04,premise-theme-and-meaning,shared-placeholder,core-axis-content,subgenres/cyberpunk.md
cyberpunk,subgenre,05,structure-plot-and-escalation,shared-placeholder,core-axis-content,subgenres/cyberpunk.md
cyberpunk,subgenre,06,character-relationships-and-arcs,shared-placeholder,core-axis-content,subgenres/cyberpunk.md
cyberpunk,subgenre,07,voice-style-dialogue-and-point-of-view,shared-placeholder,core-axis-content,subgenres/cyberpunk.md
cyberpunk,subgenre,08,setting-atmosphere-and-worldbuilding,shared-placeholder,core-axis-content,subgenres/cyberpunk.md
cyberpunk,subgenre,09,emotion-tension-suspense-and-pacing,shared-placeholder,core-axis-content,subgenres/cyberpunk.md
cyberpunk,subgenre,10,titles-openings-climaxes-and-endings,shared-placeholder,core-axis-content,subgenres/cyberpunk.md
cyberpunk,subgenre,11,literary-devices-and-language-techniques,shared-placeholder,core-axis-content,subgenres/cyberpunk.md
cyberpunk,subgenre,12,conventions-cliches-and-innovation,shared-placeholder,core-axis-content,subgenres/cyberpunk.md
cyberpunk,subgenre,13,failure-modes-and-revision,shared-placeholder,core-axis-content,subgenres/cyberpunk.md
cyberpunk,subgenre,14,exercises-prompts-and-planning-tools,shared-placeholder,core-axis-content,subgenres/cyberpunk.md
cyberpunk,subgenre,15,sources-and-further-reading,shared-placeholder,core-axis-content,subgenres/cyberpunk.md
psychological-fiction,subgenre,00,how-to-write,axis-baseline,core-axis-content,subgenres/psychological-fiction.md
psychological-fiction,subgenre,01,definition-boundaries-and-subgenres,shared-placeholder,core-axis-content,subgenres/psychological-fiction.md
psychological-fiction,subgenre,02,history-traditions-and-evolution,shared-placeholder,core-axis-content,subgenres/psychological-fiction.md
psychological-fiction,subgenre,03,reader-promise-and-emotional-engine,shared-placeholder,core-axis-content,subgenres/psychological-fiction.md
psychological-fiction,subgenre,04,premise-theme-and-meaning,shared-placeholder,core-axis-content,subgenres/psychological-fiction.md
psychological-fiction,subgenre,05,structure-plot-and-escalation,shared-placeholder,core-axis-content,subgenres/psychological-fiction.md
psychological-fiction,subgenre,06,character-relationships-and-arcs,shared-placeholder,core-axis-content,subgenres/psychological-fiction.md
psychological-fiction,subgenre,07,voice-style-dialogue-and-point-of-view,shared-placeholder,core-axis-content,subgenres/psychological-fiction.md
psychological-fiction,subgenre,08,setting-atmosphere-and-worldbuilding,shared-placeholder,core-axis-content,subgenres/psychological-fiction.md
psychological-fiction,subgenre,09,emotion-tension-suspense-and-pacing,shared-placeholder,core-axis-content,subgenres/psychological-fiction.md
psychological-fiction,subgenre,10,titles-openings-climaxes-and-endings,shared-placeholder,core-axis-content,subgenres/psychological-fiction.md
psychological-fiction,subgenre,11,literary-devices-and-language-techniques,shared-placeholder,core-axis-content,subgenres/psychological-fiction.md
psychological-fiction,subgenre,12,conventions-cliches-and-innovation,shared-placeholder,core-axis-content,subgenres/psychological-fiction.md
psychological-fiction,subgenre,13,failure-modes-and-revision,shared-placeholder,core-axis-content,subgenres/psychological-fiction.md
psychological-fiction,subgenre,14,exercises-prompts-and-planning-tools,shared-placeholder,core-axis-content,subgenres/psychological-fiction.md
psychological-fiction,subgenre,15,sources-and-further-reading,shared-placeholder,core-axis-content,subgenres/psychological-fiction.md
psychological-thriller,subgenre,00,how-to-write,axis-baseline,core-axis-content,subgenres/psychological-thriller.md
psychological-thriller,subgenre,01,definition-boundaries-and-subgenres,shared-placeholder,core-axis-content,subgenres/psychological-thriller.md
psychological-thriller,subgenre,02,history-traditions-and-evolution,shared-placeholder,core-axis-content,subgenres/psychological-thriller.md
psychological-thriller,subgenre,03,reader-promise-and-emotional-engine,shared-placeholder,core-axis-content,subgenres/psychological-thriller.md
psychological-thriller,subgenre,04,premise-theme-and-meaning,shared-placeholder,core-axis-content,subgenres/psychological-thriller.md
psychological-thriller,subgenre,05,structure-plot-and-escalation,shared-placeholder,core-axis-content,subgenres/psychological-thriller.md
psychological-thriller,subgenre,06,character-relationships-and-arcs,shared-placeholder,core-axis-content,subgenres/psychological-thriller.md
psychological-thriller,subgenre,07,voice-style-dialogue-and-point-of-view,shared-placeholder,core-axis-content,subgenres/psychological-thriller.md
psychological-thriller,subgenre,08,setting-atmosphere-and-worldbuilding,shared-placeholder,core-axis-content,subgenres/psychological-thriller.md
psychological-thriller,subgenre,09,emotion-tension-suspense-and-pacing,shared-placeholder,core-axis-content,subgenres/psychological-thriller.md
psychological-thriller,subgenre,10,titles-openings-climaxes-and-endings,shared-placeholder,core-axis-content,subgenres/psychological-thriller.md
psychological-thriller,subgenre,11,literary-devices-and-language-techniques,shared-placeholder,core-axis-content,subgenres/psychological-thriller.md
psychological-thriller,subgenre,12,conventions-cliches-and-innovation,shared-placeholder,core-axis-content,subgenres/psychological-thriller.md
psychological-thriller,subgenre,13,failure-modes-and-revision,shared-placeholder,core-axis-content,subgenres/psychological-thriller.md
psychological-thriller,subgenre,14,exercises-prompts-and-planning-tools,shared-placeholder,core-axis-content,subgenres/psychological-thriller.md
psychological-thriller,subgenre,15,sources-and-further-reading,shared-placeholder,core-axis-content,subgenres/psychological-thriller.md
solarpunk,subgenre,00,how-to-write,axis-baseline,core-axis-content,subgenres/solarpunk.md
solarpunk,subgenre,01,definition-boundaries-and-subgenres,shared-placeholder,core-axis-content,subgenres/solarpunk.md
solarpunk,subgenre,02,history-traditions-and-evolution,shared-placeholder,core-axis-content,subgenres/solarpunk.md
solarpunk,subgenre,03,reader-promise-and-emotional-engine,shared-placeholder,core-axis-content,subgenres/solarpunk.md
solarpunk,subgenre,04,premise-theme-and-meaning,shared-placeholder,core-axis-content,subgenres/solarpunk.md
solarpunk,subgenre,05,structure-plot-and-escalation,shared-placeholder,core-axis-content,subgenres/solarpunk.md
solarpunk,subgenre,06,character-relationships-and-arcs,shared-placeholder,core-axis-content,subgenres/solarpunk.md
solarpunk,subgenre,07,voice-style-dialogue-and-point-of-view,shared-placeholder,core-axis-content,subgenres/solarpunk.md
solarpunk,subgenre,08,setting-atmosphere-and-worldbuilding,shared-placeholder,core-axis-content,subgenres/solarpunk.md
solarpunk,subgenre,09,emotion-tension-suspense-and-pacing,shared-placeholder,core-axis-content,subgenres/solarpunk.md
solarpunk,subgenre,10,titles-openings-climaxes-and-endings,shared-placeholder,core-axis-content,subgenres/solarpunk.md
solarpunk,subgenre,11,literary-devices-and-language-techniques,shared-placeholder,core-axis-content,subgenres/solarpunk.md
solarpunk,subgenre,12,conventions-cliches-and-innovation,shared-placeholder,core-axis-content,subgenres/solarpunk.md
solarpunk,subgenre,13,failure-modes-and-revision,shared-placeholder,core-axis-content,subgenres/solarpunk.md
solarpunk,subgenre,14,exercises-prompts-and-planning-tools,shared-placeholder,core-axis-content,subgenres/solarpunk.md
solarpunk,subgenre,15,sources-and-further-reading,shared-placeholder,core-axis-content,subgenres/solarpunk.md
space-opera,subgenre,00,how-to-write,axis-baseline,core-axis-content,subgenres/space-opera.md
space-opera,subgenre,01,definition-boundaries-and-subgenres,shared-placeholder,core-axis-content,subgenres/space-opera.md
space-opera,subgenre,02,history-traditions-and-evolution,shared-placeholder,core-axis-content,subgenres/space-opera.md
space-opera,subgenre,03,reader-promise-and-emotional-engine,shared-placeholder,core-axis-content,subgenres/space-opera.md
space-opera,subgenre,04,premise-theme-and-meaning,shared-placeholder,core-axis-content,subgenres/space-opera.md
space-opera,subgenre,05,structure-plot-and-escalation,shared-placeholder,core-axis-content,subgenres/space-opera.md
space-opera,subgenre,06,character-relationships-and-arcs,shared-placeholder,core-axis-content,subgenres/space-opera.md
space-opera,subgenre,07,voice-style-dialogue-and-point-of-view,shared-placeholder,core-axis-content,subgenres/space-opera.md
space-opera,subgenre,08,setting-atmosphere-and-worldbuilding,shared-placeholder,core-axis-content,subgenres/space-opera.md
space-opera,subgenre,09,emotion-tension-suspense-and-pacing,shared-placeholder,core-axis-content,subgenres/space-opera.md
space-opera,subgenre,10,titles-openings-climaxes-and-endings,shared-placeholder,core-axis-content,subgenres/space-opera.md
space-opera,subgenre,11,literary-devices-and-language-techniques,shared-placeholder,core-axis-content,subgenres/space-opera.md
space-opera,subgenre,12,conventions-cliches-and-innovation,shared-placeholder,core-axis-content,subgenres/space-opera.md
space-opera,subgenre,13,failure-modes-and-revision,shared-placeholder,core-axis-content,subgenres/space-opera.md
space-opera,subgenre,14,exercises-prompts-and-planning-tools,shared-placeholder,core-axis-content,subgenres/space-opera.md
space-opera,subgenre,15,sources-and-further-reading,shared-placeholder,core-axis-content,subgenres/space-opera.md
urban-fantasy,subgenre,00,how-to-write,axis-baseline,core-axis-content,subgenres/urban-fantasy.md
urban-fantasy,subgenre,01,definition-boundaries-and-subgenres,shared-placeholder,core-axis-content,subgenres/urban-fantasy.md
urban-fantasy,subgenre,02,history-traditions-and-evolution,shared-placeholder,core-axis-content,subgenres/urban-fantasy.md
urban-fantasy,subgenre,03,reader-promise-and-emotional-engine,shared-placeholder,core-axis-content,subgenres/urban-fantasy.md
urban-fantasy,subgenre,04,premise-theme-and-meaning,shared-placeholder,core-axis-content,subgenres/urban-fantasy.md
urban-fantasy,subgenre,05,structure-plot-and-escalation,shared-placeholder,core-axis-content,subgenres/urban-fantasy.md
urban-fantasy,subgenre,06,character-relationships-and-arcs,shared-placeholder,core-axis-content,subgenres/urban-fantasy.md
urban-fantasy,subgenre,07,voice-style-dialogue-and-point-of-view,shared-placeholder,core-axis-content,subgenres/urban-fantasy.md
urban-fantasy,subgenre,08,setting-atmosphere-and-worldbuilding,shared-placeholder,core-axis-content,subgenres/urban-fantasy.md
urban-fantasy,subgenre,09,emotion-tension-suspense-and-pacing,shared-placeholder,core-axis-content,subgenres/urban-fantasy.md
urban-fantasy,subgenre,10,titles-openings-climaxes-and-endings,shared-placeholder,core-axis-content,subgenres/urban-fantasy.md
urban-fantasy,subgenre,11,literary-devices-and-language-techniques,shared-placeholder,core-axis-content,subgenres/urban-fantasy.md
urban-fantasy,subgenre,12,conventions-cliches-and-innovation,shared-placeholder,core-axis-content,subgenres/urban-fantasy.md
urban-fantasy,subgenre,13,failure-modes-and-revision,shared-placeholder,core-axis-content,subgenres/urban-fantasy.md
urban-fantasy,subgenre,14,exercises-prompts-and-planning-tools,shared-placeholder,core-axis-content,subgenres/urban-fantasy.md
urban-fantasy,subgenre,15,sources-and-further-reading,shared-placeholder,core-axis-content,subgenres/urban-fantasy.md
